<!--
 * Licensed to the Apache Software Foundation (ASF) under one
 * or more contributor license agreements. See the NOTICE file
 * distributed with this work for additional information
 * regarding copyright ownership. The ASF licenses this file
 * to you under the Apache License, Version 2.0 (the
 * "License"); you may not use this file except in compliance
 * with the License. You may obtain a copy of the License at
 *
 *     http://www.apache.org/licenses/LICENSE-2.0
 *
 * Unless required by applicable law or agreed to in writing, software
 * distributed under the License is distributed on an "AS IS" BASIS,
 * WITHOUT WARRANTIES OR CONDITIONS OF ANY KIND, either express or implied.
 * See the License for the specific language governing permissions and
 * limitations under the License.
 *
 -->

<assembly
  xmlns="http://maven.apache.org/plugins/maven-assembly-plugin/assembly/1.1.0"
  xmlns:xsi="http://www.w3.org/2001/XMLSchema-instance"
  xsi:schemaLocation="http://maven.apache.org/plugins/maven-assembly-plugin/assembly/1.1.0 http://maven.apache.org/xsd/assembly-1.1.0.xsd">

  <id>dist</id>

  <formats>
    <format>tar.gz</format>
    <format>zip</format>
  </formats>

  <fileSets>

    <!-- Top level directory artifacts -->
    <fileSet>
      <directory>${project.basedir}</directory>
      <outputDirectory>/</outputDirectory>
      <includes>
        <include>DISCLAIMER*</include>
        <include>BUILD*</include>
        <include>README*</include>
        <include>LICENSE*</include>
        <include>NOTICE*</include>
        <include>pom.xml</include>
      </includes>
      <useDefaultExcludes>true</useDefaultExcludes>
    </fileSet>

    <!-- Source tree -->
    <fileSet>
      <directory>${project.basedir}/src</directory>
      <useDefaultExcludes>true</useDefaultExcludes>
    </fileSet>

    <!-- Build artifact(s) -->
    <fileSet>
      <directory>${project.build.directory}</directory>
      <outputDirectory>/</outputDirectory>
      <includes>
        <include>*.jar</include>
      </includes>
    </fileSet>

    <!-- Site and documentation -->
    <fileSet>
      <directory>${project.build.directory}/site</directory>
      <outputDirectory>docs</outputDirectory>
    </fileSet>
  </fileSets>

</assembly>
